{
  "CommitHash": "29a0afc",
  "Timestamp": "2026-02-01T17:47:32.3287867Z",
  "RuntimeMs": 178.1585,
  "PeakMemoryBytes": 16475477,
  "Gen0Collections": 0,
  "Gen1Collections": 0,
  "Gen2Collections": 0,
  "Statistics": {
    "TotalRuns": 3,
    "WarmupRuns": 0,
    "Runtime": {
      "Mean": 178.1585,
      "Median": 192.8914,
      "StdDev": 26.34872508699425,
      "Min": 147.7386,
      "Max": 193.8455,
      "P50": 192.8914,
      "P95": 193.75009,
      "P99": 193.826418
    },
    "Memory": {
      "Mean": 16475477.333333334,
      "Median": 16576512,
      "StdDev": 174997.17599245234,
      "Min": 16273408,
      "Max": 16576512,
      "P50": 16576512,
      "P95": 16576512,
      "P99": 16576512
    },
    "GarbageCollection": {
      "Gen0": {
        "Mean": 0,
        "Median": 0,
        "Min": 0,
        "Max": 0
      },
      "Gen1": {
        "Mean": 0,
        "Median": 0,
        "Min": 0,
        "Max": 0
      },
      "Gen2": {
        "Mean": 0,
        "Median": 0,
        "Min": 0,
        "Max": 0
      }
    }
  }
}