{
  "CommitHash": "b9bb427",
  "Timestamp": "2026-02-01T17:57:58.9640731Z",
  "RuntimeMs": 163.25273333333334,
  "PeakMemoryBytes": 16446805,
  "Gen0Collections": 0,
  "Gen1Collections": 0,
  "Gen2Collections": 0,
  "Statistics": {
    "TotalRuns": 3,
    "WarmupRuns": 0,
    "Runtime": {
      "Mean": 163.25273333333334,
      "Median": 153.8096,
      "StdDev": 24.13430582414447,
      "Min": 145.2678,
      "Max": 190.6808,
      "P50": 153.8096,
      "P95": 186.99367999999998,
      "P99": 189.943376
    },
    "Memory": {
      "Mean": 16446805.333333334,
      "Median": 16392192,
      "StdDev": 109090.04789316637,
      "Min": 16375808,
      "Max": 16572416,
      "P50": 16392192,
      "P95": 16554393.6,
      "P99": 16568811.52
    },
    "GarbageCollection": {
      "Gen0": {
        "Mean": 0,
        "Median": 0,
        "Min": 0,
        "Max": 0
      },
      "Gen1": {
        "Mean": 0,
        "Median": 0,
        "Min": 0,
        "Max": 0
      },
      "Gen2": {
        "Mean": 0,
        "Median": 0,
        "Min": 0,
        "Max": 0
      }
    }
  }
}