{
  "CommitHash": "faf86ec",
  "Timestamp": "2026-02-01T19:40:01.1684813Z",
  "RuntimeMs": 152.91436666666667,
  "PeakMemoryBytes": 16452266,
  "Gen0Collections": 0,
  "Gen1Collections": 0,
  "Gen2Collections": 0,
  "Statistics": {
    "TotalRuns": 3,
    "WarmupRuns": 0,
    "Runtime": {
      "Mean": 152.91436666666667,
      "Median": 164.8403,
      "StdDev": 25.902373096751845,
      "Min": 123.1972,
      "Max": 170.7056,
      "P50": 164.8403,
      "P95": 170.11907,
      "P99": 170.588294
    },
    "Memory": {
      "Mean": 16452266.666666666,
      "Median": 16384000,
      "StdDev": 132683.42771172794,
      "Min": 16367616,
      "Max": 16605184,
      "P50": 16384000,
      "P95": 16583065.6,
      "P99": 16600760.32
    },
    "GarbageCollection": {
      "Gen0": {
        "Mean": 0,
        "Median": 0,
        "Min": 0,
        "Max": 0
      },
      "Gen1": {
        "Mean": 0,
        "Median": 0,
        "Min": 0,
        "Max": 0
      },
      "Gen2": {
        "Mean": 0,
        "Median": 0,
        "Min": 0,
        "Max": 0
      }
    }
  }
}